ts	phase	decision	why	evidence	result
2026-10-09T08:34:06Z	frame	tải XAPK 8.6.0 từ apkpure, giải 3 apk ra ~/sk86-ref	máy Linux mới không còn D:\sk86-ref của các đợt trước	~/sk86-ref/UnityDataAssetPack: 2375 .ab, manifest version_name 8.6.0	khớp nguồn cũ (2375 bundle)
2026-10-09T08:34:06Z	frame	skrip.py đọc đường nguồn từ SK86, mặc định ~/sk86-ref trên Linux	lever bóc chỉ chạy được trên Windows vì đường D:\ viết cứng	tools/skrip.py:23	đang dựng lại thử ra scratch
2026-10-09T08:34:06Z	baseline	chạy soulknight-smoke trên máy làm mốc gốc trước khi sửa	cần số cũ để so cũ/mới	scratchpad/base-smoke/*.png	ĐẠT 16 HỎNG 0
2026-10-09T09:05:10Z	decode	dựng lại sk-data.js từ bundle trên Linux ra thư mục tạm	chứng minh lever bóc chạy với nguồn mới tải	check_keys --out: 5094 khung, 2213 anim, 2 trang; OK mọi khoá	VERIFIED (byte khác, số khung/anim/khoá trùng)
2026-10-09T09:05:10Z	clips	4 agent sonnet xem 4 clip (lượt đủ, rừng 1-x, trùm, bản VN)	watch-game-clips; mỗi clip một agent để giữ context	scratchpad/clip-notes/*.md, ref-frames/	ghi chú mỏng, nhiều khẳng định chưa kiểm
2026-10-09T09:05:10Z	themes	sàn đá xanh 回 trong clip KHÔNG phải lỗi sàn Rừng	f501..f506 của level/1/a 8.6 đều xanh mòng két, khớp clip trùm Devil's Snare	scratchpad/forest-tiles.png, ref-frames/rNUWLt51lmA-boss-bar.jpg	bác bỏ; chủ đề đá xanh (trùm Zulan) chưa tìm ra bundle, ghi mở
2026-10-09T09:05:11Z	clear	nối chữ CLEAR khi dọn phòng bằng clip gốc message_bar/show_signpost	thấy ở youtu.be/B9Gb2Y26Cow?t=112; prefab có sẵn mà web chưa gọi	js/hud.js roomClear, scratchpad/web/clear-strip.png	VERIFIED bằng ảnh
2026-10-09T09:05:11Z	clear	Mask.m_ShowMaskGraphic=0 ghi thành img.gfx=0 thay cho img.off=1	clip bật Image lại làm khung mask hiện thành khối trắng	tools/ui/build_ui.py:297, js/ugui.js drawNode; diff dữ liệu chỉ 28 nút mask	VERIFIED, ui0.png trùng từng điểm ảnh
2026-10-09T09:06:55Z	decode	bản dựng Linux trùng bản commit ở mọi trường, atlas trùng từng điểm ảnh	chỉ SK_ATLAS.v khác vì PNG encoder	so JSON cấu trúc + ImageChops bbox None	VERIFIED
2026-10-09T09:06:55Z	pet	thêm thú cưng đi theo (pet0..pet5 từ common.ab)	thấy mèo/chó đi theo trong 3/4 clip; web không có	ref-frames/LyMmXTQFcq8-room-fight.jpg, B9Gb2Y26Cow-boss-intro.jpg; Pet0Controller dmg 3 atk_cd 2	đang dựng
2026-10-09T09:54:07Z	pet	bộ kiểm đo sát thương chính xác tắt thú cưng bằng SK_GAME.debug.pet(false)	rooms hỏng 6,9,6,6,6: con thứ hai dính thêm đúng 3 = cú cắn của mèo	test/soulknight-rooms.js, bosses, skills	rooms 69/0, bosses 129/0 sau khi tắt
2026-10-09T09:54:07Z	verify	hồi quy đợt 1 trên máy	chứng minh không gãy gì trước khi đẩy	smoke 16/0 hud 11/0 lobby 24/0 rooms 69/0 bosses 129/0 weapons 47/0 anim-weapon 22/0 anim-xform 10/0 pets 6/0 vfx 28/0 sfx ALL OK skills 478/2	VERIFIED
2026-10-09T09:54:07Z	verify	2 ca skills hỏng: alchemist concoction hỏng y hệt ở worktree HEAD; joker đạt khi chạy lại	phân biệt lỗi cũ với hồi quy	scratchpad/sk-head.log, sk-cur.log	không phải hồi quy; concoction là lỗi có sẵn
