ngày	quyết định	lý do	bằng chứng
2026-09-25	Bảng gốc giải được bằng XOR 0xCC, Lua XOR 0xF4	Bản cũ ghi "bảng mã hoá, không đọc được" nên tự chế số; thực ra chỉ XOR một byte (\r\n hiện ra c1 c6)	~/Downloads/vd-ref/tables/*.csv, lua/**; memory void-diver-demo-local-steam
2026-09-25	Xoá hẳn bản 2026-08 (game.js, bot.js, index.html) trước khi dựng	Người dùng yêu cầu; bản cũ vẽ bằng code, số tự chế, không dùng lại được gì	git rm trong commit đầu của bản mới
2026-09-25	three r140 + spine-threejs 4.2.43, không build step	Spine gốc là 4.2.43 có physics constraint; bản 4.0 của ho-xanh không đọc được. r140 đã dùng ở ho-xanh	ASSETS.md §1.1; vd-ref/tools/spine-three-smoke.js dựng được Cha_Sword
2026-09-25	Chạy nguyên văn Lua gốc bằng fengari, không port tay	127 hàm LuaApi, 3108 dòng tutorial/Common; `await` gốc chỉ poll task.IsCompleted nên không cần yield qua ranh giới JS	vd-ref/proto-lua/run.js: OnLounge của 1100 chạy hết 92 lời gọi; host-test.js: OnStage + 3 va chạm chạy đúng trình tự
2026-09-25	Mỗi script một _ENV, Common.lua chạy vào từng _ENV	Hàm chung gọi biến/hàm của campaign; cùng tên OnEvent/OnStage ở mọi script	Common.lua:525 HandleCampaignAbandonCleanup, :598 AddDialog(LuaKey, FunctionName)
2026-09-25	Skill chạy bằng bộ thông dịch cây RootActionNode gốc, không code tay từng skill	Cây gốc có đường cong tốc độ anim, lướt theo curve, cửa sổ huỷ đòn/nối combo, event theo mốc; 61 skill nhân vật + 377 skill quái, ~25 loại event	vd-ref/tools/event_types.py
2026-09-25	Camera: Perspective FOV 10°, lệch (25,21,25), damping Cinemachine 1 s	Số trong prefab CameraManager / PlayerVCamTemplate	ASSETS.md §3; js/render.js
2026-09-25	COLOR_0 của sector không phải màu: tắt vertexColors	G luôn 128, A là số 0–12; bật lên thì alphaTest loại sạch cây/nhà	đo trong trình duyệt: Plants A 1..5, Building A 9..12
2026-09-25	Khoét mái theo mã nhóm ở kênh A của COLOR_0, cắt trên y 0,9 m	Khối CutoffArea mã k trùng khít toà nhà mã k; nóc khối cutoff ở 0,9 m	sector 1001: mã 9 tường x 9,4–19,3 z −26,6..−16,6; cutoff x 9,5–19,0 z −26,7..−17,5
2026-09-25	Tầm nhìn nón 120°/5 m/1 m sau lưng vá vào shader môi trường	Character.SightAngle/SightRange/SightBackRange; ảnh Steam cho thấy ngoài nón tối hẳn	steamshots/contact.jpg; js/render.js patchSight
2026-09-25	Phím theo InputActionAsset gốc: WASD, chuột ngắm, LMB đánh, RMB/Q/E/R skill, C trang bị, Space lướt, Shift chạy, F tương tác, 1–5 đồ, Tab túi, M bản đồ	Lấy thẳng từ dependencies_assets_input	vd-ref/cache/input_strings.txt
2026-09-25	Hậu kỳ tự viết (postfx.js), không kéo EffectComposer	Chỉ cần bloom + chỉnh màu + vignette + hiệu ứng căng thẳng; số lấy từ URP Volume gốc	ASSETS.md §4.1; js/postfx.js
2026-09-25	Contrast làm trong không gian log quanh xám giữa 0,18 như URP	Lần đầu kéo quanh 0,5 ở không gian hiển thị thì cảnh tối bị dìm đen hết	ảnh so trước/sau trong scratchpad, lần 1 gần như đen
2026-09-25	Bỏ vignette nền (chỉ bật theo căng thẳng/bị đánh)	VolumeProfile_Main không có vignette; vignette 0,25 tự thêm làm tối rìa	ASSETS.md §4.1 bảng profile
2026-09-25	Ô skill: RMB/Q/E = ba skill General/None đầu trong ActiveSkillIds, R = Ultimate [SUY LUẬN]	Bảng không có luật gán ô; Talent có SkillSlotCount nên số ô mở dần; màn chọn nhân vật gốc có "Currently Selected Skill"	Talent.csv SkillSlotCount:1 ×2; ảnh Steam ss07
2026-09-25	AI quái chạy sau Skill.step, rồi applyLight	Quy ước của ai.js; đèn pin gắn buff 3000003 (−0,7 MoveSpeed) cho quái trong nón	docs/AI.md
2026-09-25	Bảng hướng dẫn tutorial dựng trên sàn từ prefab sector, không làm popup	Bản gốc dạy chơi bằng WorldSpaceCanvas nằm phẳng trong 10009/10001/10004 (StaticDecoration/TutorialGuides), luôn hiện; bản web cũ thiếu hẳn nên người chơi không biết đi đâu	tools/ui_tutorial_rip.py → art/ui/tutorial/guides.json; docs/DIVE.md §10.1–10.2
2026-09-25	SendTutorialEvent chỉ ghi trace, không gắn UI	Không prefab/bảng nào nối tên sự kiện với giao diện; C# TutorialEvent/SendTutorialStep là analytics [SUY LUẬN]	global-metadata.dat; docs/DIVE.md §10.1
2026-09-25	TextMarker giữ trên bản đồ nhỏ, không vẽ lên sàn	TextMarkerRoot nằm dưới MiniMapPanel/…/MinMap; khoá chữ MiniMapMarker_*	remote_prefab_assets_scene StageScene; docs/DIVE.md §10.1
2026-09-25	Shift bật/tắt chạy, tự tắt khi đứng yên quá Const.ToggleRunExpireDelay 0,15 s hoặc cạn stamina	C# RunToggleOn/SetRunToggleOn, chữ gốc "(Bật/Tắt) Chạy"; phần tự tắt [SUY LUẬN] từ tên hằng	js/stage.js playerInput; docs/DIVE.md §10.3
2026-09-25	Bỏ qua cả cuộc thoại = giữ Esc (hoặc giữ chuột trên khung) 1 s, khung dựng theo CutscenePanel gốc	DialogPopup gốc không có nút bỏ cả đoạn (chỉ NextView/QuickView); cắt cảnh gốc có "Giữ để bỏ qua" + Esc + vòng đo; SkipHoldDuration [CHƯA RÕ] nên dùng 1 s	js/dialog.js; docs/DIVE.md §10.4
2026-09-25	Tua cả đoạn bằng cách cho mọi task thoại trả xong ngay, không nhảy cóc Lua	Lua gốc await từng dòng; để coroutine chạy tiếp thì SetStep/SpawnMonster/SetInGameHudActive/PlayBgm vẫn xảy ra đúng thứ tự; gặp lựa chọn thì dừng tua	js/dialog.js skipAll
2026-09-25	HUD có bảng "Hướng Dẫn [O]" (bỏ Emoji/Ping)	KeyGuidePanel! gốc: dòng ControlGuide [O] luôn hiện, danh sách phím bật/tắt bằng O; Emoji/Ping chỉ cho chơi nhiều người	js/hud.js; css/tutorial.css; docs/DIVE.md §10.5
2026-09-25	Túi đồ trong lượt lặn dựng lại đúng trang MenuPopup → InventoryManagementPage gốc (MyInventory trái, phím + ô nhanh giữa, LootingInventory phải) trên khung 1920×1080 thu theo màn	Bản gốc không có bảng rương riêng: LootingInventory là panel phải của trang túi đồ; bản cũ là bảng DOM tự vẽ không giống	tools/ui_inventory_dump.py (MenuPopup/Contents*/Pages[]/InventoryManagementPage); docs/DIVE.md §11.1
2026-09-25	Lục rương = hé lộ từng ô theo GetRevealTime(bậc) × GetRevealDelayMultiplier, bỏ F lấy hết	Mã gốc LootingInventory.TryReveal + EnumExtensions.GetRevealTime/GetRevealSfx; ô chưa hé lộ không lấy được; F trong túi là "Dùng"	tools/ui_inventory_il2cpp.py: 0,8/1,1/2,2/3,1/4 s; test/voiddiver-loot.js đo 1,08/2,20/3,10/4,00 s
2026-09-25	Phím chuột theo chữ đã dịch: trái = cả chồng, Ctrl = 1, Shift = nửa; phải = vứt	Chữ Hàn mặc định trong prefab (1개 넣기 ở chuột trái) ngược với khoá LocalizedText SlotInsertOne "Add All"/SlotInsertAll "Insert 1" của bản phát hành	json/text_en.json, data/text.js; docs/DIVE.md §11.5
2026-09-25	Ô nhanh trong bảng Tab 5 ô (phím 1–5) + 1 ô khoá như QuickSlotSettingPanel gốc; mô hình vẫn giữ 6 phần tử cho HUD cũ	QuickSlotSettingPanel và InGameQuickSlotPanel của bản demo đều 5 ô; UseItem có 5 binding; ảnh Steam 6 ô là bản cũ	ui_inventory_dump.py QuickSlotSettingPanel, InGameQuickSlotPanel
2026-09-25	Tiếng: _holdingSfx của prefab RewardBox khi giữ F, LootingCompleted khi giữ xong (rương, đồ rơi) [SUY LUẬN], Looting_Loop + Looting_<mức> khi hé lộ	_interactionSfx của mọi rương và DropGoods đều rỗng; hằng LOOTING_COMPLETED có trong lớp hằng tiếng; ItemPickUp không có clip	art/object/*.json behaviours RewardBox/DropGoods; fieldDefaultValues metadata
2026-09-25	Bỏ hitstop khi trình bày (stage bỏ qua sự kiện hitstop)	metadata IL2CPP không có tên HitStop/HitPause nào; hitstop tự chế làm anim/VFX khựng không giống bản gốc	re/metactx.py trên global-metadata.dat; docs/SKILLVM.md §2.5
2026-09-25	Hướng nhìn 8 ô màn hình có vùng giữ nguyên (không lật theo dấu x)	CharacterView._animationMode = 2, hàm LookAtDirectionAsEightWay; cách cũ lật 7 lần / 60 khung khi ngắm quanh phương dọc	unitvis.js setFacing; test/voiddiver-fx-contract.js
2026-09-25	VfxSpeeds.endTime tính theo thời gian hiệu ứng, sau mốc cuối tốc độ 1	giống animationSpeeds; đọc theo giờ thật thì {1.0:30} vô lý	vfx.js parseSpeeds/effDt; tools/fx_README.md
2026-09-25	VFX của hitbox bám hitbox và dừng kiểu 'end' khi hitbox hết	SkillVfx gốc có hitBox/_isTracking/PlayEnd; dữ liệu kéo duration hitbox dài hơn cửa sổ va chạm để giữ VFX (đòn 1 Gayoung dur 1.0, va chạm tới 0.19)	stage.js playFx/hbAnchor; docs/SKILLVM.md §7
2026-09-25	Nạp trước VFX lúc sinh unit và vẽ khống một khung thay cho renderer.compile()	compile() biên dịch với outputEncoding khác RT hậu kỳ nên vô tác dụng; lần tung đầu khựng 137–185 ms → 9–10 ms	vfx.js preload/runWarm; test/voiddiver-fx-contract.js
2026-09-25	Dựng lại ChainSkillVfx (xích Gayoung) từ tên trường + prefab, không có mã C#	MeshRenderer ChainLine01_01/02, _chainLength 5.93, _chainOffset -0.42 đo được; luật kéo dài là suy luận	tools/fx_README.md mục MeshRenderer và ChainSkillVfx
2026-09-25	Trộn clip Spine theo mixes/defaultMix của SkeletonDataAsset	bản cũ không trộn nên đổi idle/walk/run giật; Sword/Raven có 12 cặp 0.2 s	tools/rip.py spine-meta → art/spine/*/meta.json
2026-09-25	Hitbox TraceOwner có moveSpeed bay về chủ	chỉ 2 dòng (lượt về bumerang Mio); coi như FollowSelf thì bumerang không bao giờ về	hitbox.js moveHB; test/voiddiver-fx-contract.js
2026-09-25	Orbital/Radial của hệ mô phỏng World quay quanh node của hệ, không quanh gốc bản đồ	đúng luật Unity; bản cũ làm tia lửa Purification bay xa 20–25 m thành đĩa trắng trôi	vfx.js simSystem; test/voiddiver-fx-contract.js (đỏ khi gỡ sửa: xa 34 m)
2026-09-25	Màu vật liệu có cờ [HDR] (m_Flags 16) dùng thẳng, không đổi sRGB→linear	đổi sRGB làm viền HDR 32 thành 3617 và bloom ra đĩa trắng 1 m; ảnh gốc ss03 chỉ có đốm nhỏ; thanh Intensity HDR tỉ lệ thẳng với ánh sáng	vfx.js makeMat hdr(); tools/fx_README.md
2026-09-25	Tiếng trúng đòn UseElementalHitSfx/UseElementalCritSfx phát clip <tên>_<nguyên tố của đòn>	tên trần không có clip nên đánh thường im lặng (404)	hitbox.js hit feedback, stage.js sfx; test/voiddiver-fx-contract.js
2026-09-25	HitSfx của quái chỉ phát ở hitbox.js (theo HitSfxPercent), bỏ bản phát thêm trong stage.js khi damage	mỗi nhát kêu hai lần; stage coi HitSfxPercent 0 là 100	stage.js onEvent damage
2026-09-25	Chữ trạng thái nổi theo prefab StatusEffectText/BuffActiveText (ImpactUp 0.667 s, Pretendard-Bold 28 nghiêng)	ảnh gốc ss03/ss05 có Purify/Invincible!/Knockback Immune; HUD chưa có	hud.js statusText; stage.js buff/immune/damage
2026-09-26	Hướng nhìn theo FourWay của UnitView.LookAtDirection, không có vùng giữ (thay quyết định "8 hướng có vùng giữ" ngày 25)	Mã gốc giải được: _animationMode 2 = FourWay ở cả 201 prefab Spine; EightWay (mode 3) không ai dùng; kết quả chỉ phụ thuộc góc hiện tại	GameAssembly.dll LookAtDirection 0x1806a9b10; unitvis.js setFacing; test/voiddiver-fx-contract.js
2026-09-26	Xương aim_target = IsometricToTopDown(hướng ngắm), x nhân ScaleX, độ dài 1, đặt sau apply anim trước khi giải constraint	UnitView.OnUpdateWorld móc SkeletonAnimation.UpdateWorld; aim_pointer do IK của rig lái, mức theo từng anim	GameAssembly.dll 0x1806ace80; unitvis.js update/setAim; scratchpad sheets2/aim_ba.png
2026-09-26	Độ lệch xương/Symbol theo GetBoneOffset và số của từng prefab unit (SymbolPositionY, scale khung xương) ghi vào art/spine/*/meta.json units	1,25 m của Gayoung dùng cho mọi quái là sai (0,45–3,0 m); scale khung xương dưới gốc prefab (Mio 0,95, Mascot 1,35) bị bỏ	GameAssembly.dll GetBoneOffset 0x1806a85f0; tools/rip.py unit-view
2026-09-26	Không có hitstop (xác nhận theo hành vi, không chỉ theo tên)	Time.timeScale chỉ đổi ở chống gian lận; timeScale Spine chỉ đổi khi Freeze, rời trạng thái đi, animationSpeeds	docs/SKILLVM.md §2.5
2026-09-26	Spine trộn clip chỉ theo defaultMix + mixes của SkeletonDataAsset	Mã game không gọi SetMix/MixTime; SkillAnimationData không có trường trộn	docs/SKILLVM.md §2.5
2026-09-26	ChainSkillVfx làm theo mã gốc: luôn kéo _chainTransform về chủ; thu xích một lần sau collisionEndTime bằng player chain	FixedUpdate 0x1805dd8e0 đọc được; bản cũ đoán vfx gắn mục tiêu dùng player chain	tools/fx_README.md mục ChainSkillVfx
2026-09-26	Sub emitter / vệt từng hạt / Noise / Inherit Velocity / Collision (mặt đất y = 0) phát như Shuriken; hệ con không tự phát	Hệ con tự phát làm gatling Raven chỉ loé một lần, laser DarkYoung nổ khói ở gốc; vệt cần luồng đỉnh tuỳ biến riêng (m_TrailVertexStreams) mới hiện	tools/fx_README.md; scratchpad sheets2/ba_*.png
2026-09-26	Nội suy vị trí hình giữa hai bước mô phỏng 60 Hz (VD.loop.alpha)	Màn 144 Hz: 0/1/2 bước mỗi khung làm hình dời 0 ↔ 0,038 m, giật; sau nội suy đều 0,016 m	test/voiddiver-fx-contract.js [nội suy]
2026-09-26	Bloom theo thuật toán URP (prefilter ngưỡng mềm, chuỗi 6 mip Gaussian, scatter 0,7, lens dirt 30) trong không gian tuyến tính, bỏ hệ số ×3 tự chọn	VolumeProfile_Main: threshold 1, intensity 0,3, filter Gaussian, downscale Half, dirtTexture Img_Screen_LensDirt; tham số khác không override → mặc định component	tools/rip.py lens-dirt; js/postfx.js; scratchpad sheets2/bloom_*.png
2026-09-26	MenuPopup dựng đủ 7 thẻ theo prefab; Tổ đội dựng NotJoinedPanel với nút tắt; Lưu trữ hiện chi tiết trong khung tooltip thay 5 popup	Bản web chơi đơn; ArchiveGoods/Monster/Glossary/Quest/DialogPopup là popup riêng, làm hết tốn mà ít giá trị	tools/ui_inventory_dump.py MenuPopup; docs/DIVE.md §12.1
2026-09-26	Túi phụ là món Bag mang ô riêng (g.inner), mở BagPanel bằng Dùng (F/X) thay chỗ ô nhanh; một túi mỗi loại	Mã gốc UseBag → BagPanelPresenter.Open + ẩn quickSlotSettingPanel; HasDuplicateBagType; bản cũ gắn ô túi phụ thẳng vào lưới	tools/ui_inventory_il2cpp.py mục 5; docs/DIVE.md §12.3
2026-09-26	Nhặt đồ: chồng vào chồng sẵn có trong túi phụ trước, ô trống túi phụ không tự nhận [SUY LUẬN phần ô trống]	PlayerInventory.PushGoods → StackIntoExistingBags (đo); tên StackIntoExistingBagSlots	docs/DIVE.md §12.3
2026-09-26	Sắp xếp R = InventoryExtensions.Organize: có đồ trước, EGoodsType tăng, bậc giảm, Id tăng, không gộp chồng, chỉ khu của ô đang chọn	Đo trong mã; thay luật đoán cũ (yêu thích trước, gộp chồng)	tools/ui_inventory_il2cpp.py mục 2; test/voiddiver-loot.js
2026-09-26	Giữ F nhặt đồ rơi 0,25 s (DropGoods._holdingTime), rương dùng cột RewardBox.HoldingTime, bỏ Const.LootingInteractionTime	DropGoods/RewardBox.get_HoldingTime đọc thẳng trường/cột; LootingInteractionTime chỉ MonsterBody gọi	tools/ui_inventory_il2cpp.py mục 1
2026-09-26	Esc/X khi đang chơi mở MenuPopup ở thẻ Mục tiêu; Tab/Start ở Túi đồ; thẻ Tổ đội khoá khi IsTutorial hoặc chưa UserLevel 2; Q/E không vòng, nhảy thẻ khoá	InGameScene.OnMenuClick PageCategory 0; IsSquadTabLocked = !Npc 700012.UnlockConditions || IsTutorial	tools/ui_inventory_il2cpp.py mục 3
2026-09-26	Highlight chỉ sáng ô túi phụ khi món kéo nhận được (PushableBagType == Bag.Type); không sáng ô trang bị	RxHighlightOn ← RxIsDragAcceptable / RxHighlightCategory; web chưa thay trang bị trong lượt lặn	tools/ui_inventory_il2cpp.py mục 4
2026-09-26	Tay cầm trong menu tự đọc navigator.getGamepads (rAF khi mở, inventory.step khi đóng), không thêm hành động vào core.js	core.js thuộc phần khác, chỉ đọc cần trái; nút theo map UI/UiPad của InputActionAsset	js/ui/menu.js; docs/DIVE.md §12.6
2026-09-26	Tuỳ chọn: chỉ âm lượng/tắt tiếng, rung màn hình, toàn màn hình là thật; các hàng khác hiện nhưng khoá	Trình duyệt quyết V-Sync/FPS/độ phân giải; phần điều khiển nằm ở stage.js/core.js của phần khác	docs/DIVE.md §12.4
2026-09-26	rip_objects.py chọn gốc prefab có RewardBox thay bản MimicObject cùng tên	Hai GameObject gốc cùng tên; setdefault lấy bản gặp trước → MedicalBox/Briefcase/HiddenStash mất _holdingSfx	docs/DIVE.md §12.8
2026-09-26	Giữ 1,0 s để bỏ qua (thoại và cắt cảnh)	GameCutsceneManager.SkipHoldDuration const = 1.0; OnSkipStarted clamp01(time − t0), TakeWhile(p < 1) rồi StopTimeline	tools/il2cpp_method.py --fields GameCutsceneManager; docs/DIVE.md §10.4
2026-09-26	Chạy: RunToggleOn mặc định bật; đứng yên quá 0,15 s là tắt kể cả bấm lúc đứng; Skill/CC/Interact dời hạn; cạn stamina tắt + độc thoại TooTiredToRun	GamePlaySettingService.CreateDefault, PlayerInputController.OnRunStart, CharacterController.OnInputRun/UpdateRun/OnStaminaChanged, CharacterMoveState.OnUpdate/OnExit	js/stage.js runToggle; docs/DIVE.md §10.3
2026-09-26	SendTutorialEvent chỉ là analytics (đã đọc mã)	LuaApi.SendTutorialEvent → GameEventSystem.Trigger(TutorialEvent); chỉ AnalyticsController.OnEventOccured đọc ('tutorialEvent:' + GameAnalytics)	il2cpp_method.py --usage TutorialEvent; docs/DIVE.md §10.1
2026-09-26	Tay cầm theo binding GamePad của InputActionAsset; đổi thiết bị như InputManager.OnAnyInputEvent (cooldown 0,3 s, chuột ≥ 20 px); ảnh nút bộ XBox	InputActions typetree; De.Base InputManager; InputIconSetConfigurator.fallbackGamepadIconSet = IconSet_XBox_VoidDiver	js/core.js; tools/ui_tutorial_rip.py → art/ui/tutorial/pad; docs/DIVE.md §10.7
2026-09-26	Ngắm tay cầm: AimPad làm mượt (PadSensitivity 40), tắt sau 0,15 s; không ngắm thì AimSupport quái gần nhất trong tầm nhìn, rồi hướng đi	PlayerInputController.OnAimPad/FixedUpdate/GetAimScreenPoint; tầm nhìn web = nón sight (không tính tường) [SUY LUẬN]	js/stage.js playerInput
2026-09-26	Nút giao diện của tay cầm phát lại thành phím (A→Space, RT→Ctrl, B→Escape) khi hộp thoại/cắt cảnh mở; Start và túi đồ để js/ui/menu.js tự đọc	tránh hai đường nghe cùng nút (menu.js đã có padInput/padClosed)	js/core.js PAD_UI_KEY
2026-09-26	Mở màn = Timeline IntroTimelineObject (lớp phủ video Diveloading + nền đen theo đường cong, vào play ở IntroFinish 8,3 s); tutorial không có thẻ tên, campaign khác thẻ hiện trên màn nạp	LoungeScene.OnCampaignStarted bỏ CampaignStartPopup khi IsTutorial; GameLoadingPopup đóng ở Intro; Lua OnStage khi Playing; RxActiveInGameHud khởi tạo true	tools/ui_tutorial_timeline.py; js/dive.js introStart; docs/DIVE.md §10.8
2026-09-26	Cắt cảnh 1100 theo Timeline gốc: 10,8 s, tín hiệu Lua 1 ở 6,167 s, camera theo đường cong Vcam, che Storyboard; bỏ viền đen tự chế	TL_InGameCutScene_Chapter00_TutorialCampaign_1 (CutsceneLuaSignalClip, AnimationTrack Recorded); cũ đoán 1,2 s / 3 s	js/dive.js cutsceneStart; js/tutorial.js cutsceneCam; docs/DIVE.md §10.9
2026-09-26	Dòng "Hướng Dẫn" khi dùng tay cầm hiện ảnh unbound	InGame/ToggleKeyGuide chỉ có binding O; InputIcons vẽ unboundData khi thiếu binding [SUY LUẬN]	js/hud.js
